AccountID,Name,Status,Role,Company,City,Country
1,John,Active,QA,Sailpoint,Pune,India
2,William,Active,DEV,Sailpoint,Pune,India
3,Peter,Active,QA,Sailpoint,Mumbai,India
4,Thomas,Disable,QA,Sailpoint,Pune,India
5,David,Acive,DEV,Sailpoint,Mumbai,India
6,James,Delete,HR,Sailpoint,Pune,India
7,Stevn,Active,ADMIN,Sailpoint,Pune,India
8,Joseph,Active,HR,Sailpoint,Pune,India
9,Smith,Active,DEV,Sailpoint,Pune,India
11,Michael,Active,IT,Sailpoint,Pune,India
111,Nancy,Active,QA,Sailpoint,Pune,India
112,Sara,Active,QA,Sailpoint,Mumbai,India
113,Sara1,Active,QA,Sailpoint,Pune,India
114,Sara2,Active,DEV,Sailpoint,Pune,India
115,Sara3,Active,QA,Sailpoint,Mumbai,India
116,Sara4,Disable,QA,Sailpoint,Pune,India
117,Sara5,Acive,DEV,Sailpoint,Mumbai,India
118,Sara6,Delete,HR,Sailpoint,Pune,India
119,Sara7,Active,ADMIN,Sailpoint,Pune,India
120,Sara8,Active,HR,Sailpoint,Pune,India
121,Sara9,Active,DEV,Sailpoint,Pune,India
122,Sara10,Active,IT,Sailpoint,Pune,India
123,Sara11,Active,QA,Sailpoint,Pune,India
124,Sara12,Active,QA,Sailpoint,Mumbai,India
125,Sara13,Active,QA,Sailpoint,Pune,India
126,Sara14,Active,DEV,Sailpoint,Pune,India
127,Sara15,Active,QA,Sailpoint,Mumbai,India
128,Sara16,Disable,QA,Sailpoint,Pune,India
129,Sara17,Acive,DEV,Sailpoint,Mumbai,India
130,Sara18,Delete,HR,Sailpoint,Pune,India
131,Sara19,Active,ADMIN,Sailpoint,Pune,India
132,Sara20,Active,HR,Sailpoint,Pune,India
133,Sara21,Active,DEV,Sailpoint,Pune,India
134,Sara22,Active,IT,Sailpoint,Pune,India
135,Sara23,Active,QA,Sailpoint,Pune,India
136,Sara24,Active,QA,Sailpoint,Mumbai,India
137,Sara25,Active,QA,Sailpoint,Pune,India
138,Sara26,Active,DEV,Sailpoint,Pune,India
139,Sara27,Active,QA,Sailpoint,Mumbai,India
140,Sara28,Disable,QA,Sailpoint,Pune,India
141,Sara29,Acive,DEV,Sailpoint,Mumbai,India
142,Sara30,Delete,HR,Sailpoint,Pune,India
143,Sara31,Active,ADMIN,Sailpoint,Pune,India
144,Sara32,Active,HR,Sailpoint,Pune,India
145,Sara33,Active,DEV,Sailpoint,Pune,India
146,Sara34,Active,IT,Sailpoint,Pune,India
147,Sara35,Active,QA,Sailpoint,Pune,India
148,Sara36,Active,QA,Sailpoint,Mumbai,India
149,Sara37,Active,QA,Sailpoint,Pune,India
150,Sara38,Active,DEV,Sailpoint,Pune,India
151,Sara39,Active,QA,Sailpoint,Mumbai,India
152,Sara40,Disable,QA,Sailpoint,Pune,India
153,Sara41,Acive,DEV,Sailpoint,Mumbai,India
154,Sara42,Delete,HR,Sailpoint,Pune,India
155,Sara43,Active,ADMIN,Sailpoint,Pune,India
156,Sara44,Active,HR,Sailpoint,Pune,India
157,Sara45,Active,DEV,Sailpoint,Pune,India
158,Sara46,Active,IT,Sailpoint,Pune,India
159,Sara47,Active,QA,Sailpoint,Pune,India
160,Sara48,Active,QA,Sailpoint,Mumbai,India
161,Sara49,Active,QA,Sailpoint,Pune,India
162,Sara50,Active,DEV,Sailpoint,Pune,India
163,Sara51,Active,QA,Sailpoint,Mumbai,India
164,Sara52,Disable,QA,Sailpoint,Pune,India
165,Sara53,Acive,DEV,Sailpoint,Mumbai,India
166,Sara54,Delete,HR,Sailpoint,Pune,India
167,Sara55,Active,ADMIN,Sailpoint,Pune,India
168,Sara56,Active,HR,Sailpoint,Pune,India
169,Sara57,Active,DEV,Sailpoint,Pune,India
170,Sara58,Active,IT,Sailpoint,Pune,India
171,Sara59,Active,QA,Sailpoint,Pune,India
172,Sara60,Active,QA,Sailpoint,Mumbai,India
173,Sara61,Active,QA,Sailpoint,Pune,India
174,Sara62,Active,DEV,Sailpoint,Pune,India
175,Sara63,Active,QA,Sailpoint,Mumbai,India
176,Sara64,Disable,QA,Sailpoint,Pune,India
177,Sara65,Acive,DEV,Sailpoint,Mumbai,India
178,Sara66,Delete,HR,Sailpoint,Pune,India
179,Sara67,Active,ADMIN,Sailpoint,Pune,India
180,Sara68,Active,HR,Sailpoint,Pune,India
181,Sara69,Active,DEV,Sailpoint,Pune,India
182,Sara70,Active,IT,Sailpoint,Pune,India
183,Sara71,Active,QA,Sailpoint,Pune,India
184,Sara72,Active,QA,Sailpoint,Mumbai,India
185,Sara73,Active,QA,Sailpoint,Pune,India
186,Sara74,Active,DEV,Sailpoint,Pune,India
187,Sara75,Active,QA,Sailpoint,Mumbai,India
188,Sara76,Disable,QA,Sailpoint,Pune,India
189,Sara77,Acive,DEV,Sailpoint,Mumbai,India
190,Sara78,Delete,HR,Sailpoint,Pune,India
191,Sara79,Active,ADMIN,Sailpoint,Pune,India
192,Sara80,Active,HR,Sailpoint,Pune,India
193,Sara81,Active,DEV,Sailpoint,Pune,India
194,Sara82,Active,IT,Sailpoint,Pune,India
195,Sara83,Active,QA,Sailpoint,Pune,India
196,Sara84,Active,QA,Sailpoint,Mumbai,India
197,Sara85,Active,QA,Sailpoint,Pune,India
198,Sara86,Active,DEV,Sailpoint,Pune,India
199,Sara87,Active,QA,Sailpoint,Mumbai,India
200,Sara88,Disable,QA,Sailpoint,Pune,India
201,Sara89,Acive,DEV,Sailpoint,Mumbai,India
202,Sara90,Delete,HR,Sailpoint,Pune,India
203,Sara91,Active,ADMIN,Sailpoint,Pune,India
204,Sara92,Active,HR,Sailpoint,Pune,India
205,Sara93,Active,DEV,Sailpoint,Pune,India
206,Sara94,Active,IT,Sailpoint,Pune,India
207,Sara95,Active,QA,Sailpoint,Pune,India
208,Sara96,Active,QA,Sailpoint,Mumbai,India
209,Sara97,Active,QA,Sailpoint,Pune,India
210,Sara98,Active,DEV,Sailpoint,Pune,India
211,Sara99,Active,QA,Sailpoint,Mumbai,India
212,Sara100,Disable,QA,Sailpoint,Pune,India
213,Sara101,Acive,DEV,Sailpoint,Mumbai,India
214,Sara102,Delete,HR,Sailpoint,Pune,India
215,Sara103,Active,ADMIN,Sailpoint,Pune,India
216,Sara104,Active,HR,Sailpoint,Pune,India
217,Sara105,Active,DEV,Sailpoint,Pune,India
218,Sara106,Active,IT,Sailpoint,Pune,India
219,Sara107,Active,QA,Sailpoint,Pune,India
220,Sara108,Active,QA,Sailpoint,Mumbai,India
221,Sara109,Active,QA,Sailpoint,Pune,India
222,Sara110,Active,DEV,Sailpoint,Pune,India
223,Sara111,Active,QA,Sailpoint,Mumbai,India
224,Sara112,Disable,QA,Sailpoint,Pune,India
225,Sara113,Acive,DEV,Sailpoint,Mumbai,India
226,Sara114,Delete,HR,Sailpoint,Pune,India
227,Sara115,Active,ADMIN,Sailpoint,Pune,India
228,Sara116,Active,HR,Sailpoint,Pune,India
229,Sara117,Active,DEV,Sailpoint,Pune,India
230,Sara118,Active,IT,Sailpoint,Pune,India
231,Sara119,Active,QA,Sailpoint,Pune,India
232,Sara120,Active,QA,Sailpoint,Mumbai,India
233,Sara121,Active,QA,Sailpoint,Mumbai,India
234,Sara122,Active,QA,Sailpoint,Mumbai,India
235,Sara123,Active,QA,Sailpoint,Mumbai,India
236,Sara124,Active,QA,Sailpoint,Mumbai,India
237,Sara125,Active,QA,Sailpoint,Mumbai,India
238,Sara126,Active,QA,Sailpoint,Mumbai,India
239,Sara127,Active,QA,Sailpoint,Mumbai,India
240,Sara128,Active,QA,Sailpoint,Mumbai,India
241,Sara129,Active,QA,Sailpoint,Mumbai,India
242,Sara130,Active,QA,Sailpoint,Mumbai,India
243,Sara131,Active,QA,Sailpoint,Mumbai,India
244,Sara132,Active,QA,Sailpoint,Mumbai,India
245,Sara133,Active,QA,Sailpoint,Mumbai,India
246,Sara134,Active,QA,Sailpoint,Mumbai,India
247,Sara135,Active,QA,Sailpoint,Mumbai,India
248,Sara136,Active,QA,Sailpoint,Mumbai,India
249,Sara137,Active,QA,Sailpoint,Mumbai,India
250,Sara138,Active,QA,Sailpoint,Mumbai,India
251,Sara139,Active,QA,Sailpoint,Mumbai,India
252,Sara140,Active,QA,Sailpoint,Mumbai,India
253,Sara141,Active,QA,Sailpoint,Mumbai,India
254,Sara142,Active,QA,Sailpoint,Mumbai,India
255,Sara143,Active,QA,Sailpoint,Mumbai,India
256,Sara144,Active,QA,Sailpoint,Mumbai,India
257,Sara145,Active,QA,Sailpoint,Mumbai,India
258,Sara146,Active,QA,Sailpoint,Mumbai,India
259,Sara147,Active,QA,Sailpoint,Mumbai,India
260,Sara148,Active,QA,Sailpoint,Mumbai,India
261,Sara149,Active,QA,Sailpoint,Mumbai,India
262,Sara150,Active,QA,Sailpoint,Mumbai,India
263,Sara151,Active,QA,Sailpoint,Mumbai,India
264,Sara152,Active,QA,Sailpoint,Mumbai,India
265,Sara153,Active,QA,Sailpoint,Mumbai,India
266,Sara154,Active,QA,Sailpoint,Mumbai,India
267,Sara155,Active,QA,Sailpoint,Mumbai,India
268,Sara156,Active,QA,Sailpoint,Mumbai,India
269,Sara157,Active,QA,Sailpoint,Mumbai,India
270,Sara158,Active,QA,Sailpoint,Mumbai,India
271,Sara159,Active,QA,Sailpoint,Mumbai,India
272,Sara160,Active,QA,Sailpoint,Mumbai,India
273,Sara161,Active,QA,Sailpoint,Mumbai,India
274,Sara162,Active,QA,Sailpoint,Mumbai,India
275,Sara163,Active,QA,Sailpoint,Mumbai,India
276,Sara164,Active,QA,Sailpoint,Mumbai,India
277,Sara165,Active,QA,Sailpoint,Mumbai,India
278,Sara166,Active,QA,Sailpoint,Mumbai,India
279,Sara167,Active,QA,Sailpoint,Mumbai,India
280,Sara168,Active,QA,Sailpoint,Mumbai,India
281,Sara169,Active,QA,Sailpoint,Mumbai,India
282,Sara170,Active,QA,Sailpoint,Mumbai,India
283,Sara171,Active,QA,Sailpoint,Mumbai,India
284,Sara172,Active,QA,Sailpoint,Mumbai,India
285,Sara173,Active,QA,Sailpoint,Mumbai,India
286,Sara174,Active,QA,Sailpoint,Mumbai,India
287,Sara175,Active,QA,Sailpoint,Mumbai,India
288,Sara176,Active,QA,Sailpoint,Mumbai,India
289,Sara177,Active,QA,Sailpoint,Mumbai,India
290,Sara178,Active,QA,Sailpoint,Mumbai,India
291,Sara179,Active,QA,Sailpoint,Mumbai,India
292,Sara180,Active,QA,Sailpoint,Mumbai,India
293,Sara181,Active,QA,Sailpoint,Mumbai,India
294,Sara182,Active,QA,Sailpoint,Mumbai,India
295,Sara183,Active,QA,Sailpoint,Mumbai,India
296,Sara184,Active,QA,Sailpoint,Mumbai,India
297,Sara185,Active,QA,Sailpoint,Mumbai,India
298,Sara186,Active,QA,Sailpoint,Mumbai,India
299,Sara187,Active,QA,Sailpoint,Mumbai,India
300,Sara188,Active,QA,Sailpoint,Mumbai,India
301,Sara189,Active,QA,Sailpoint,Mumbai,India
302,Sara190,Active,QA,Sailpoint,Mumbai,India
303,Sara191,Active,QA,Sailpoint,Mumbai,India
304,Sara192,Active,QA,Sailpoint,Mumbai,India
305,Sara193,Active,QA,Sailpoint,Mumbai,India
306,Sara194,Active,QA,Sailpoint,Mumbai,India
307,Sara195,Active,QA,Sailpoint,Mumbai,India
308,Sara196,Active,QA,Sailpoint,Mumbai,India
309,Sara197,Active,QA,Sailpoint,Mumbai,India
310,Sara198,Active,QA,Sailpoint,Mumbai,India
311,Sara199,Active,QA,Sailpoint,Mumbai,India
312,Sara200,Active,QA,Sailpoint,Mumbai,India
313,Sara201,Active,QA,Sailpoint,Mumbai,India
314,Sara202,Active,QA,Sailpoint,Mumbai,India
315,Sara203,Active,QA,Sailpoint,Mumbai,India
316,Sara204,Active,QA,Sailpoint,Mumbai,India
317,Sara205,Active,QA,Sailpoint,Mumbai,India
318,Sara206,Active,QA,Sailpoint,Mumbai,India
319,Sara207,Active,QA,Sailpoint,Mumbai,India
320,Sara208,Active,QA,Sailpoint,Mumbai,India
321,Sara209,Active,QA,Sailpoint,Mumbai,India
322,Sara210,Active,QA,Sailpoint,Mumbai,India
323,Sara211,Active,QA,Sailpoint,Mumbai,India
324,Sara212,Active,QA,Sailpoint,Mumbai,India
325,Sara213,Active,QA,Sailpoint,Mumbai,India
326,Sara214,Active,QA,Sailpoint,Mumbai,India
327,Sara215,Active,QA,Sailpoint,Mumbai,India
328,Sara216,Active,QA,Sailpoint,Mumbai,India
329,Sara217,Active,QA,Sailpoint,Mumbai,India
330,Sara218,Active,QA,Sailpoint,Mumbai,India
331,Sara219,Active,QA,Sailpoint,Mumbai,India
332,Sara220,Active,QA,Sailpoint,Mumbai,India
333,Sara221,Active,QA,Sailpoint,Mumbai,India
334,Sara222,Active,QA,Sailpoint,Mumbai,India
335,Sara223,Active,QA,Sailpoint,Mumbai,India
336,Sara224,Active,QA,Sailpoint,Mumbai,India
337,Sara225,Active,QA,Sailpoint,Mumbai,India
338,Sara226,Active,QA,Sailpoint,Mumbai,India
339,Sara227,Active,QA,Sailpoint,Mumbai,India
340,Sara228,Active,QA,Sailpoint,Mumbai,India
341,Sara229,Active,QA,Sailpoint,Mumbai,India
342,Sara230,Active,QA,Sailpoint,Mumbai,India
343,Sara231,Active,QA,Sailpoint,Mumbai,India
344,Sara232,Active,QA,Sailpoint,Mumbai,India
345,Sara233,Active,QA,Sailpoint,Mumbai,India
346,Sara234,Active,QA,Sailpoint,Mumbai,India
347,Sara235,Active,QA,Sailpoint,Mumbai,India
348,Sara236,Active,QA,Sailpoint,Mumbai,India
349,Sara237,Active,QA,Sailpoint,Mumbai,India
350,Sara238,Active,QA,Sailpoint,Mumbai,India
351,Sara239,Active,QA,Sailpoint,Mumbai,India
352,Sara240,Active,QA,Sailpoint,Mumbai,India
353,Sara241,Active,QA,Sailpoint,Mumbai,India
354,Sara242,Active,QA,Sailpoint,Mumbai,India
355,Sara243,Active,QA,Sailpoint,Mumbai,India
356,Sara244,Active,QA,Sailpoint,Mumbai,India
357,Sara245,Active,QA,Sailpoint,Mumbai,India
358,Sara246,Active,QA,Sailpoint,Mumbai,India
359,Sara247,Active,QA,Sailpoint,Mumbai,India
360,Sara248,Active,QA,Sailpoint,Mumbai,India
361,Sara249,Active,QA,Sailpoint,Mumbai,India
362,Sara250,Active,QA,Sailpoint,Mumbai,India
363,Sara251,Active,QA,Sailpoint,Mumbai,India
364,Sara252,Active,QA,Sailpoint,Mumbai,India
365,Sara253,Active,QA,Sailpoint,Mumbai,India
366,Sara254,Active,QA,Sailpoint,Mumbai,India
367,Sara255,Active,QA,Sailpoint,Mumbai,India
368,Sara256,Active,QA,Sailpoint,Mumbai,India
369,Sara257,Active,QA,Sailpoint,Mumbai,India
370,Sara258,Active,QA,Sailpoint,Mumbai,India
371,Sara259,Active,QA,Sailpoint,Mumbai,India
372,Sara260,Active,QA,Sailpoint,Mumbai,India
373,Sara261,Active,QA,Sailpoint,Mumbai,India
374,Sara262,Active,QA,Sailpoint,Mumbai,India
375,Sara263,Active,QA,Sailpoint,Mumbai,India
376,Sara264,Active,QA,Sailpoint,Mumbai,India
377,Sara265,Active,QA,Sailpoint,Mumbai,India
378,Sara266,Active,QA,Sailpoint,Mumbai,India
379,Sara267,Active,QA,Sailpoint,Mumbai,India
380,Sara268,Active,QA,Sailpoint,Mumbai,India
381,Sara269,Active,QA,Sailpoint,Mumbai,India
382,Sara270,Active,QA,Sailpoint,Mumbai,India
383,Sara271,Active,QA,Sailpoint,Mumbai,India
384,Sara272,Active,QA,Sailpoint,Mumbai,India
385,Sara273,Active,QA,Sailpoint,Mumbai,India
386,Sara274,Active,QA,Sailpoint,Mumbai,India
387,Sara275,Active,QA,Sailpoint,Mumbai,India
388,Sara276,Active,QA,Sailpoint,Mumbai,India
389,Sara277,Active,QA,Sailpoint,Mumbai,India
390,Sara278,Active,QA,Sailpoint,Mumbai,India
391,Sara279,Active,QA,Sailpoint,Mumbai,India
392,Sara280,Active,QA,Sailpoint,Mumbai,India
393,Sara281,Active,QA,Sailpoint,Mumbai,India
394,Sara282,Active,QA,Sailpoint,Mumbai,India
395,Sara283,Active,QA,Sailpoint,Mumbai,India
396,Sara284,Active,QA,Sailpoint,Mumbai,India
397,Sara285,Active,QA,Sailpoint,Mumbai,India
398,Sara286,Active,QA,Sailpoint,Mumbai,India
399,Sara287,Active,QA,Sailpoint,Mumbai,India
400,Sara288,Active,QA,Sailpoint,Mumbai,India
401,Sara289,Active,QA,Sailpoint,Mumbai,India
402,Sara290,Active,QA,Sailpoint,Mumbai,India
403,Sara291,Active,QA,Sailpoint,Mumbai,India
404,Sara292,Active,QA,Sailpoint,Mumbai,India
405,Sara293,Active,QA,Sailpoint,Mumbai,India
406,Sara294,Active,QA,Sailpoint,Mumbai,India
407,Sara295,Active,QA,Sailpoint,Mumbai,India
408,Sara296,Active,QA,Sailpoint,Mumbai,India
409,Sara297,Active,QA,Sailpoint,Mumbai,India
410,Sara298,Active,QA,Sailpoint,Mumbai,India
411,Sara299,Active,QA,Sailpoint,Mumbai,India
412,Sara300,Active,QA,Sailpoint,Mumbai,India
413,Sara301,Active,QA,Sailpoint,Mumbai,India
414,Sara302,Active,QA,Sailpoint,Mumbai,India
415,Sara303,Active,QA,Sailpoint,Mumbai,India
416,Sara304,Active,QA,Sailpoint,Mumbai,India
417,Sara305,Active,QA,Sailpoint,Mumbai,India
418,Sara306,Active,QA,Sailpoint,Mumbai,India
419,Sara307,Active,QA,Sailpoint,Mumbai,India
420,Sara308,Active,QA,Sailpoint,Mumbai,India
421,Sara309,Active,DEV,Sailpoint,Pune,India
422,Sara310,Active,DEV,Sailpoint,Pune,India
423,Sara311,Active,DEV,Sailpoint,Pune,India
424,Sara312,Active,DEV,Sailpoint,Pune,India
425,Sara313,Active,DEV,Sailpoint,Pune,India
426,Sara314,Active,DEV,Sailpoint,Pune,India
427,Sara315,Active,DEV,Sailpoint,Pune,India
428,Sara316,Active,DEV,Sailpoint,Pune,India
429,Sara317,Active,DEV,Sailpoint,Pune,India
430,Sara318,Active,DEV,Sailpoint,Pune,India
431,Sara319,Active,DEV,Sailpoint,Pune,India
432,Sara320,Active,DEV,Sailpoint,Pune,India
433,Sara321,Active,DEV,Sailpoint,Pune,India
434,Sara322,Active,DEV,Sailpoint,Pune,India
435,Sara323,Active,DEV,Sailpoint,Pune,India
436,Sara324,Active,DEV,Sailpoint,Pune,India
437,Sara325,Active,DEV,Sailpoint,Pune,India
438,Sara326,Active,DEV,Sailpoint,Pune,India
439,Sara327,Active,DEV,Sailpoint,Pune,India
440,Sara328,Active,DEV,Sailpoint,Pune,India
441,Sara329,Active,DEV,Sailpoint,Pune,India
442,Sara330,Active,DEV,Sailpoint,Pune,India
443,Sara331,Active,DEV,Sailpoint,Pune,India
444,Sara332,Active,DEV,Sailpoint,Pune,India
445,Sara333,Active,DEV,Sailpoint,Pune,India
446,Sara334,Active,DEV,Sailpoint,Pune,India
447,Sara335,Active,DEV,Sailpoint,Pune,India
448,Sara336,Active,DEV,Sailpoint,Pune,India
449,Sara337,Active,DEV,Sailpoint,Pune,India
450,Sara338,Active,DEV,Sailpoint,Pune,India
451,Sara339,Active,DEV,Sailpoint,Pune,India
452,Sara340,Active,DEV,Sailpoint,Pune,India
453,Sara341,Active,DEV,Sailpoint,Pune,India
454,Sara342,Active,DEV,Sailpoint,Pune,India
455,Sara343,Active,DEV,Sailpoint,Pune,India
456,Sara344,Active,DEV,Sailpoint,Pune,India
457,Sara345,Active,DEV,Sailpoint,Pune,India
458,Sara346,Active,DEV,Sailpoint,Pune,India
459,Sara347,Active,DEV,Sailpoint,Pune,India
460,Sara348,Active,DEV,Sailpoint,Pune,India
461,Sara349,Active,DEV,Sailpoint,Pune,India
462,Sara350,Active,DEV,Sailpoint,Pune,India
463,Sara351,Active,DEV,Sailpoint,Pune,India
464,Sara352,Active,DEV,Sailpoint,Pune,India
465,Sara353,Active,DEV,Sailpoint,Pune,India
466,Sara354,Active,DEV,Sailpoint,Pune,India
467,Sara355,Active,DEV,Sailpoint,Pune,India
468,Sara356,Active,DEV,Sailpoint,Pune,India
469,Sara357,Active,DEV,Sailpoint,Pune,India
470,Sara358,Active,DEV,Sailpoint,Pune,India
471,Sara359,Active,DEV,Sailpoint,Pune,India
472,Sara360,Active,DEV,Sailpoint,Pune,India
473,Sara361,Active,DEV,Sailpoint,Pune,India
474,Sara362,Active,DEV,Sailpoint,Pune,India
475,Sara363,Active,DEV,Sailpoint,Pune,India
476,Sara364,Active,DEV,Sailpoint,Pune,India
477,Sara365,Active,DEV,Sailpoint,Pune,India
478,Sara366,Active,DEV,Sailpoint,Pune,India
479,Sara367,Active,DEV,Sailpoint,Pune,India
480,Sara368,Active,DEV,Sailpoint,Pune,India
481,Sara369,Active,DEV,Sailpoint,Pune,India
482,Sara370,Active,DEV,Sailpoint,Pune,India
483,Sara371,Active,DEV,Sailpoint,Pune,India
484,Sara372,Active,DEV,Sailpoint,Pune,India
485,Sara373,Active,DEV,Sailpoint,Pune,India
486,Sara374,Active,DEV,Sailpoint,Pune,India
487,Sara375,Active,DEV,Sailpoint,Pune,India
488,Sara376,Active,DEV,Sailpoint,Pune,India
489,Sara377,Active,DEV,Sailpoint,Pune,India
490,Sara378,Active,DEV,Sailpoint,Pune,India
491,Sara379,Active,DEV,Sailpoint,Pune,India
492,Sara380,Active,DEV,Sailpoint,Pune,India
493,Sara381,Active,DEV,Sailpoint,Pune,India
494,Sara382,Active,DEV,Sailpoint,Pune,India
495,Sara383,Active,DEV,Sailpoint,Pune,India
496,Sara384,Active,DEV,Sailpoint,Pune,India
497,Sara385,Active,DEV,Sailpoint,Pune,India
498,Sara386,Active,DEV,Sailpoint,Pune,India
499,Sara387,Active,DEV,Sailpoint,Pune,India
500,Sara388,Active,DEV,Sailpoint,Pune,India
501,Sara389,Active,DEV,Sailpoint,Pune,India
502,Sara390,Active,DEV,Sailpoint,Pune,India
503,Sara391,Active,DEV,Sailpoint,Pune,India
504,Sara392,Active,DEV,Sailpoint,Pune,India
505,Sara393,Active,DEV,Sailpoint,Pune,India
506,Sara394,Active,DEV,Sailpoint,Pune,India
507,Sara395,Active,DEV,Sailpoint,Pune,India
508,Sara396,Active,DEV,Sailpoint,Pune,India
509,Sara397,Active,DEV,Sailpoint,Pune,India
510,Sara398,Active,DEV,Sailpoint,Pune,India
511,Sara399,Active,DEV,Sailpoint,Pune,India
512,Sara400,Active,DEV,Sailpoint,Pune,India
513,Sara401,Active,DEV,Sailpoint,Pune,India
514,Sara402,Active,DEV,Sailpoint,Pune,India
515,Sara403,Active,DEV,Sailpoint,Pune,India
516,Sara404,Active,DEV,Sailpoint,Pune,India
517,Sara405,Active,DEV,Sailpoint,Pune,India
518,Sara406,Active,DEV,Sailpoint,Pune,India
519,Sara407,Active,DEV,Sailpoint,Pune,India
520,Sara408,Active,DEV,Sailpoint,Pune,India
521,Sara409,Active,DEV,Sailpoint,Pune,India
522,Sara410,Active,DEV,Sailpoint,Pune,India
523,Sara411,Active,DEV,Sailpoint,Pune,India
524,Sara412,Active,DEV,Sailpoint,Pune,India
525,Sara413,Active,DEV,Sailpoint,Pune,India
526,Sara414,Active,DEV,Sailpoint,Pune,India
527,Sara415,Active,DEV,Sailpoint,Pune,India
528,Sara416,Active,DEV,Sailpoint,Pune,India
529,Sara417,Active,DEV,Sailpoint,Pune,India
530,Sara418,Active,DEV,Sailpoint,Pune,India
531,Sara419,Active,DEV,Sailpoint,Pune,India
532,Sara420,Active,DEV,Sailpoint,Pune,India
533,Sara421,Active,DEV,Sailpoint,Pune,India
534,Sara422,Active,DEV,Sailpoint,Pune,India
535,Sara423,Active,DEV,Sailpoint,Pune,India
536,Sara424,Active,DEV,Sailpoint,Pune,India
537,Sara425,Active,DEV,Sailpoint,Pune,India
538,Sara426,Active,DEV,Sailpoint,Pune,India
539,Sara427,Active,DEV,Sailpoint,Pune,India
540,Sara428,Active,DEV,Sailpoint,Pune,India
541,Sara429,Active,DEV,Sailpoint,Pune,India
542,Sara430,Active,DEV,Sailpoint,Pune,India
543,Sara431,Active,DEV,Sailpoint,Pune,India
544,Sara432,Active,DEV,Sailpoint,Pune,India
545,Sara433,Active,DEV,Sailpoint,Pune,India
546,Sara434,Active,DEV,Sailpoint,Pune,India
547,Sara435,Active,DEV,Sailpoint,Pune,India
548,Sara436,Active,DEV,Sailpoint,Pune,India
549,Sara437,Active,DEV,Sailpoint,Pune,India
550,Sara438,Active,DEV,Sailpoint,Pune,India
551,Sara439,Active,DEV,Sailpoint,Pune,India
552,Sara440,Active,DEV,Sailpoint,Pune,India
553,Sara441,Active,DEV,Sailpoint,Pune,India
554,Sara442,Active,DEV,Sailpoint,Pune,India
555,Sara443,Active,DEV,Sailpoint,Pune,India
556,Sara444,Active,DEV,Sailpoint,Pune,India
557,Sara445,Active,DEV,Sailpoint,Pune,India
558,Sara446,Active,DEV,Sailpoint,Pune,India
559,Sara447,Active,DEV,Sailpoint,Pune,India
560,Sara448,Active,DEV,Sailpoint,Pune,India
561,Sara449,Active,DEV,Sailpoint,Pune,India
562,Sara450,Active,DEV,Sailpoint,Pune,India
563,Sara451,Active,DEV,Sailpoint,Pune,India
564,Sara452,Active,DEV,Sailpoint,Pune,India
565,Sara453,Active,DEV,Sailpoint,Pune,India
566,Sara454,Active,DEV,Sailpoint,Pune,India
567,Sara455,Active,DEV,Sailpoint,Pune,India
568,Sara456,Active,DEV,Sailpoint,Pune,India
569,Sara457,Active,DEV,Sailpoint,Pune,India
570,Sara458,Active,DEV,Sailpoint,Pune,India
571,Sara459,Active,DEV,Sailpoint,Pune,India
572,Sara460,Active,DEV,Sailpoint,Pune,India
573,Sara461,Active,DEV,Sailpoint,Pune,India
574,Sara462,Active,DEV,Sailpoint,Pune,India
575,Sara463,Active,DEV,Sailpoint,Pune,India
576,Sara464,Active,DEV,Sailpoint,Pune,India
577,Sara465,Active,DEV,Sailpoint,Pune,India
578,Sara466,Active,DEV,Sailpoint,Pune,India
579,Sara467,Active,DEV,Sailpoint,Pune,India
580,Sara468,Active,DEV,Sailpoint,Pune,India
581,Sara469,Active,DEV,Sailpoint,Pune,India
582,Sara470,Active,DEV,Sailpoint,Pune,India
583,Sara471,Active,DEV,Sailpoint,Pune,India
584,Sara472,Active,DEV,Sailpoint,Pune,India
585,Sara473,Active,DEV,Sailpoint,Pune,India
586,Sara474,Active,DEV,Sailpoint,Pune,India
587,Sara475,Active,DEV,Sailpoint,Pune,India
588,Sara476,Active,DEV,Sailpoint,Pune,India
589,Sara477,Active,DEV,Sailpoint,Pune,India
590,Sara478,Active,DEV,Sailpoint,Pune,India
591,Sara479,Active,DEV,Sailpoint,Pune,India
592,Sara480,Active,DEV,Sailpoint,Pune,India
593,Sara481,Active,DEV,Sailpoint,Pune,India
594,Sara482,Active,DEV,Sailpoint,Pune,India
595,Sara483,Active,DEV,Sailpoint,Pune,India
596,Sara484,Active,DEV,Sailpoint,Pune,India
597,Sara485,Active,DEV,Sailpoint,Pune,India
598,Sara486,Active,DEV,Sailpoint,Pune,India
599,Sara487,Active,DEV,Sailpoint,Pune,India
600,SETUSER,Inactive,SUPPORT,ABC,PUNE,USA
